Top pages,Clicks,Impressions,CTR,Position
https://backlinkgrid.com/,24,201,11.94%,2.38
https://backlinkgrid.com/blog/best-guest-posting-sites-2026,5,3491,0.14%,10.13
https://backlinkgrid.com/resources/link-building-spreadsheet-templates,5,122,4.1%,10.85
https://backlinkgrid.com/blog/google-link-spam-update-2026,3,1094,0.27%,5.22
https://backlinkgrid.com/guides/complete-guide-to-guest-posting,3,177,1.69%,15.97
https://backlinkgrid.com/blog/best-free-backlink-checkers,2,47798,0%,73.31
https://backlinkgrid.com/statistics,2,388,0.52%,33.06
https://backlinkgrid.com/statistics/guest-posting-statistics,2,280,0.71%,6.02
https://backlinkgrid.com/resources/prospecting-spreadsheet,2,79,2.53%,13.73
https://backlinkgrid.com/backlink-quality/google-link-spam,1,6552,0.02%,6.26
https://backlinkgrid.com/guides/anchor-text-optimization-guide,1,708,0.14%,44.73
https://backlinkgrid.com/tools/backlink-analyzer,1,425,0.24%,82
https://backlinkgrid.com/blog/how-to-get-backlinks-from-universities-edu,1,279,0.36%,36.15
https://backlinkgrid.com/comparisons/buzzstream-alternatives,1,216,0.46%,15.72
https://backlinkgrid.com/backlinks/link-velocity,1,199,0.5%,36.52
https://backlinkgrid.com/statistics/outreach-response-rate-statistics,1,193,0.52%,7.63
https://backlinkgrid.com/blog/link-building-statistics-2026,1,192,0.52%,13.73
https://backlinkgrid.com/blog/youtube-link-building-strategies,1,150,0.67%,25.48
https://backlinkgrid.com/resources/outreach-email-templates,1,127,0.79%,32.11
https://backlinkgrid.com/blog/link-building-with-quora,1,105,0.95%,18.36
https://backlinkgrid.com/how-it-works,1,80,1.25%,10.43
https://backlinkgrid.com/glossary/curated-links,1,71,1.41%,22.96
https://backlinkgrid.com/blog/how-to-get-backlinks-from-podcasts,1,46,2.17%,27.76
https://backlinkgrid.com/resources/free-seo-tools-list,1,43,2.33%,31.86
https://backlinkgrid.com/resources,1,38,2.63%,21.34
https://backlinkgrid.com/resources/backlink-audit-template,1,29,3.45%,7.1
https://backlinkgrid.com/strategies/local-sponsorship-links,1,24,4.17%,16.5
https://backlinkgrid.com/link-building,1,18,5.56%,18.94
https://backlinkgrid.com/blog/moz-link-explorer-guide,0,5952,0%,38.38
https://backlinkgrid.com/comparisons/ahrefs-vs-moz,0,5004,0%,53.34
https://backlinkgrid.com/comparisons/semrush-vs-moz,0,3134,0%,56.89
https://backlinkgrid.com/glossary/page-authority,0,3010,0%,53.25
https://backlinkgrid.com/glossary/dofollow-link,0,2430,0%,77.99
https://backlinkgrid.com/glossary/google-disavow-tool,0,1894,0%,77.46
https://backlinkgrid.com/comparisons/majestic-alternatives,0,1691,0%,64.79
https://backlinkgrid.com/blog/ahrefs-for-link-building-tutorial,0,1528,0%,30.23
https://backlinkgrid.com/glossary/unlinked-mention,0,1311,0%,66.26
https://backlinkgrid.com/backlinks/do-follow-vs-no-follow-vs-sponsored-vs-ugc,0,1303,0%,52.65
https://backlinkgrid.com/glossary/ugc-link,0,1247,0%,60.05
https://backlinkgrid.com/glossary/backlink,0,1037,0%,84.19
https://backlinkgrid.com/guides/link-building-strategies-guide,0,1000,0%,77.86
https://backlinkgrid.com/glossary/blogger-outreach,0,970,0%,76.29
https://backlinkgrid.com/comparisons/moz-alternatives,0,970,0%,85.32
https://backlinkgrid.com/glossary/pagerank,0,929,0%,78.37
https://backlinkgrid.com/strategies/local-citation-building,0,849,0%,63.3
https://backlinkgrid.com/glossary/linkable-asset,0,845,0%,78.74
https://backlinkgrid.com/blog/best-link-building-agencies,0,782,0%,67.42
https://backlinkgrid.com/backlink-quality/authority-metrics,0,681,0%,58.34
https://backlinkgrid.com/glossary/domain-authority,0,646,0%,71.52
https://backlinkgrid.com/backlinks/internal-vs-external-links,0,631,0%,38.61
https://backlinkgrid.com/glossary/trust-flow,0,615,0%,73.42
https://backlinkgrid.com/backlink-audit,0,577,0%,85.57
https://backlinkgrid.com/glossary/pagerank-sculpting,0,559,0%,62.73
https://backlinkgrid.com/comparisons/hunter-vs-snov-io,0,536,0%,15.01
https://backlinkgrid.com/link-building-tactics/unlinked-mentions,0,528,0%,65.19
https://backlinkgrid.com/glossary/footer-link,0,505,0%,59.72
https://backlinkgrid.com/glossary/link-equity,0,489,0%,76.71
https://backlinkgrid.com/blog/top-haro-alternatives-for-link-building,0,456,0%,54.73
https://backlinkgrid.com/backlinks/what-is-a-backlink,0,454,0%,80.13
https://backlinkgrid.com/glossary/skyscraper-technique,0,421,0%,77.42
https://backlinkgrid.com/comparisons/guest-posts-vs-niche-edits-full-comparison,0,415,0%,48.35
https://backlinkgrid.com/glossary/link-spam,0,415,0%,67.54
https://backlinkgrid.com/strategies/resource-page-link-building-guide,0,409,0%,75.93
https://backlinkgrid.com/glossary/link-reclamation,0,408,0%,84.79
https://backlinkgrid.com/glossary/nofollow-link,0,397,0%,81.27
https://backlinkgrid.com/glossary/niche-edit,0,397,0%,84.21
https://backlinkgrid.com/glossary/sitewide-link,0,387,0%,57.34
https://backlinkgrid.com/backlink-audit/audit-tools,0,366,0%,55.57
https://backlinkgrid.com/glossary/disavow-file,0,347,0%,62.17
https://backlinkgrid.com/comparisons/ahrefs-vs-semrush-link-building,0,346,0%,56.57
https://backlinkgrid.com/glossary/link-roundup,0,332,0%,17.32
https://backlinkgrid.com/glossary/link-building-outreach,0,326,0%,85.41
https://backlinkgrid.com/strategies/agency-case-study-links,0,322,0%,66.52
https://backlinkgrid.com/link-building/outreach-strategy,0,310,0%,57.6
https://backlinkgrid.com/glossary/sponsored-link,0,287,0%,54.58
https://backlinkgrid.com/glossary/resource-page-link-building,0,278,0%,81.17
https://backlinkgrid.com/glossary/link-gap-analysis,0,260,0%,77.12
https://backlinkgrid.com/comparisons/ahrefs-alternatives,0,250,0%,42.23
https://backlinkgrid.com/glossary/reciprocal-link,0,245,0%,71.03
https://backlinkgrid.com/blog/how-to-get-backlinks-from-government-sites-gov,0,242,0%,46.59
https://backlinkgrid.com/guides/backlink-analysis-guide,0,230,0%,51.15
https://backlinkgrid.com/link-building/link-building-pricing,0,228,0%,16.46
https://backlinkgrid.com/glossary/expert-roundup,0,226,0%,49.9
https://backlinkgrid.com/glossary/link-scheme,0,223,0%,16.41
https://backlinkgrid.com/comparisons/buzzstream-vs-pitchbox,0,216,0%,14.93
https://backlinkgrid.com/comparisons/pitchbox-alternatives,0,216,0%,19.09
https://backlinkgrid.com/blog/link-building-101-beginners-guide,0,212,0%,61.43
https://backlinkgrid.com/blog/how-to-get-featured-in-roundups,0,211,0%,47.63
https://backlinkgrid.com/backlink-audit/competitor-analysis,0,209,0%,78.21
https://backlinkgrid.com/bundle,0,207,0%,32.64
https://backlinkgrid.com/comparisons,0,197,0%,52.08
https://backlinkgrid.com/guides/haro-mastery-guide,0,196,0%,8.81
https://backlinkgrid.com/glossary/manual-action,0,196,0%,65.84
https://backlinkgrid.com/blog/how-links-build-brand-authority,0,195,0%,7.5
https://backlinkgrid.com/glossary/link-farm,0,189,0%,64.15
https://backlinkgrid.com/resources/link-building-checklist,0,187,0%,26.94
https://backlinkgrid.com/statistics/link-building-pricing-statistics,0,182,0%,13.37
https://backlinkgrid.com/blog/branded-vs-keyword-anchor-text,0,182,0%,19.68
https://backlinkgrid.com/backlinks/anchor-text,0,178,0%,71.62
https://backlinkgrid.com/blog/international-link-building,0,177,0%,69.5
https://backlinkgrid.com/glossary/follow-vs-nofollow,0,175,0%,65.79
https://backlinkgrid.com/glossary/editorial-link,0,168,0%,83.6
https://backlinkgrid.com/link-building/linkable-assets,0,165,0%,68.05
https://backlinkgrid.com/blog/when-to-disavow-backlinks,0,164,0%,26.83
https://backlinkgrid.com/backlinks/referring-domains-vs-backlinks,0,162,0%,46.01
https://backlinkgrid.com/resources/audit-checklist,0,160,0%,26.54
https://backlinkgrid.com/guides/broken-link-building-guide,0,158,0%,74.25
https://backlinkgrid.com/glossary/link-insertion,0,156,0%,70.83
https://backlinkgrid.com/backlink-audit/disavow-guide,0,155,0%,17.21
https://backlinkgrid.com/guides/link-building-outreach-guide,0,154,0%,49.21
https://backlinkgrid.com/glossary/web-directory,0,148,0%,54.66
https://backlinkgrid.com/glossary/homepage-link,0,147,0%,39.14
https://backlinkgrid.com/guides/digital-pr-link-building-guide,0,147,0%,39.24
https://backlinkgrid.com/glossary/referring-domain,0,146,0%,59.11
https://backlinkgrid.com/resources/outreach-templates,0,144,0%,41.56
https://backlinkgrid.com/glossary/backlink-monitoring,0,141,0%,85.77
https://backlinkgrid.com/statistics/link-building-statistics-2026,0,139,0%,6.45
https://backlinkgrid.com/glossary/link-profile,0,131,0%,49.24
https://backlinkgrid.com/blog/how-to-remove-toxic-backlinks,0,126,0%,61.52
https://backlinkgrid.com/blog/link-building-for-service-pages,0,121,0%,10.02
https://backlinkgrid.com/strategies/scholarship-link-building,0,121,0%,16.45
https://backlinkgrid.com/glossary/penalty-recovery,0,121,0%,46.16
https://backlinkgrid.com/glossary/link-juice,0,119,0%,72.03
https://backlinkgrid.com/blog/dofollow-vs-nofollow,0,119,0%,76.76
https://backlinkgrid.com/industries/saas,0,116,0%,14.78
https://backlinkgrid.com/blog/link-building-dashboards-and-metrics,0,116,0%,15.94
https://backlinkgrid.com/link-building-tactics/resource-page-links,0,115,0%,35.19
https://backlinkgrid.com/outreach/email-templates,0,115,0%,52.32
https://backlinkgrid.com/link-building/avoid-black-hat,0,114,0%,33.89
https://backlinkgrid.com/blog/types-of-backlinks-complete-list,0,114,0%,54.67
https://backlinkgrid.com/glossary/anchor-text,0,109,0%,77.97
https://backlinkgrid.com/blog/best-link-building-tools-2026,0,108,0%,35.82
https://backlinkgrid.com/blog/link-building-with-twitter,0,106,0%,24.96
https://backlinkgrid.com/comparisons/niche-edit-services-compared,0,106,0%,32.98
https://backlinkgrid.com/backlinks/link-equity-pagerank-explained,0,104,0%,32.89
https://backlinkgrid.com/blog/link-building-vs-content-marketing,0,104,0%,48.91
https://backlinkgrid.com/blog/manual-outreach-vs-automated-tools,0,103,0%,13.54
https://backlinkgrid.com/glossary/nap-consistency,0,102,0%,73.68
https://backlinkgrid.com/statistics/domain-authority-statistics,0,99,0%,7.2
https://backlinkgrid.com/blog/semrush-link-building-features,0,99,0%,20.59
https://backlinkgrid.com/glossary/lost-backlinks,0,98,0%,29.51
https://backlinkgrid.com/backlinks/anchor-text-ratios,0,97,0%,36
https://backlinkgrid.com/blog/how-to-use-content-for-link-building,0,95,0%,81.65
https://backlinkgrid.com/blog/link-building-agency-vs-freelancer,0,91,0%,37.08
https://backlinkgrid.com/glossary/three-way-link-exchange,0,91,0%,42.15
https://backlinkgrid.com/backlink-quality/what-makes-quality-backlink,0,90,0%,62.48
https://backlinkgrid.com/glossary/pbn,0,90,0%,83.64
https://backlinkgrid.com/resources/guest-post-pitch-templates,0,89,0%,28.71
https://backlinkgrid.com/glossary/sidebar-link,0,88,0%,12.99
https://backlinkgrid.com/backlink-quality/link-quality-checklist,0,87,0%,22.39
https://backlinkgrid.com/guides/saas-link-building-playbook,0,81,0%,13.35
https://backlinkgrid.com/guides/ecommerce-link-building-guide,0,81,0%,40.98
https://backlinkgrid.com/guides/local-link-building-complete-guide,0,79,0%,30.82
https://backlinkgrid.com/comparisons/content-marketing-vs-link-building,0,79,0%,36.92
https://backlinkgrid.com/comparisons/link-building-agencies-compared,0,78,0%,29.08
https://backlinkgrid.com/resources/link-prospect-qualification-checklist,0,77,0%,22
https://backlinkgrid.com/link-building-tactics/link-reclamation,0,75,0%,57.83
https://backlinkgrid.com/strategies/scholarship-link-building/,0,74,0%,13.61
https://backlinkgrid.com/statistics/anchor-text-statistics,0,69,0%,25.33
https://backlinkgrid.com/backlink-audit/audit-template,0,69,0%,34.38
https://backlinkgrid.com/blog/link-building-at-scale,0,68,0%,17.88
https://backlinkgrid.com/outreach/prospecting,0,68,0%,58.41
https://backlinkgrid.com/blog/guest-posting-vs-niche-edits,0,67,0%,58.51
https://backlinkgrid.com/blog/how-to-build-backlinks-with-infographics,0,66,0%,50.67
https://backlinkgrid.com/blog/common-link-building-questions-answered,0,64,0%,19.97
https://backlinkgrid.com/blog/how-to-get-backlinks-from-news-sites,0,64,0%,33.55
https://backlinkgrid.com/glossary/competitor-backlink-analysis,0,63,0%,87.3
https://backlinkgrid.com/blog/how-we-built-100-backlinks-in-30-days,0,62,0%,7.87
https://backlinkgrid.com/backlinks,0,62,0%,20.34
https://backlinkgrid.com/blog/link-building-kpis-and-metrics,0,61,0%,27.95
https://backlinkgrid.com/blog/how-to-use-haro-for-link-building,0,61,0%,50.48
https://backlinkgrid.com/blog/how-to-do-competitor-backlink-analysis,0,59,0%,58.68
https://backlinkgrid.com/link-building-tactics/original-research,0,58,0%,5.31
https://backlinkgrid.com/glossary/ego-bait,0,58,0%,30.07
https://backlinkgrid.com/comparisons/guest-posting-services-compared,0,57,0%,7.05
https://backlinkgrid.com/pricing,0,55,0%,17.36
https://backlinkgrid.com/glossary/deep-link,0,55,0%,62.16
https://backlinkgrid.com/about,0,54,0%,12.72
https://backlinkgrid.com/blog/link-building-for-new-websites,0,53,0%,16.11
https://backlinkgrid.com/comparisons/semrush-alternatives,0,53,0%,67.3
https://backlinkgrid.com/blog/tiered-link-building-strategy,0,52,0%,43.17
https://backlinkgrid.com/blog/google-search-console-backlinks,0,52,0%,55.5
https://backlinkgrid.com/glossary/link-velocity,0,52,0%,70.75
https://backlinkgrid.com/resources/competitor-analysis-template,0,48,0%,12.44
https://backlinkgrid.com/digital-pr/press-release-links,0,47,0%,6.96
https://backlinkgrid.com/glossary/native-advertising,0,46,0%,69.5
https://backlinkgrid.com/blog/first-10-backlinks-for-new-site,0,45,0%,16.91
https://backlinkgrid.com/blog/parasite-seo-and-link-building,0,44,0%,7.77
https://backlinkgrid.com/blog/link-building-for-affiliate-sites,0,44,0%,18.55
https://backlinkgrid.com/glossary/link-bait,0,43,0%,86.12
https://backlinkgrid.com/link-building-tactics/broken-link-building,0,40,0%,50.98
https://backlinkgrid.com/glossary/contextual-link,0,39,0%,54.08
https://backlinkgrid.com/digital-pr,0,38,0%,13.87
https://backlinkgrid.com/guides/link-building-tools-guide,0,38,0%,31.16
https://backlinkgrid.com/blog/how-to-recover-from-google-penalty,0,38,0%,37.45
https://backlinkgrid.com/glossary/link-equity-flow,0,38,0%,62.18
https://backlinkgrid.com/glossary/local-link-building,0,37,0%,82.68
https://backlinkgrid.com/glossary/connectively,0,36,0%,12.78
https://backlinkgrid.com/guides/domain-authority-guide,0,35,0%,66.46
https://backlinkgrid.com/glossary/business-directory,0,35,0%,66.89
https://backlinkgrid.com/statistics/backlink-statistics,0,34,0%,10.26
https://backlinkgrid.com/strategies/saas-digital-pr,0,33,0%,10.12
https://backlinkgrid.com/blog/link-building-mistakes-to-avoid,0,31,0%,22.16
https://backlinkgrid.com/blog/how-to-audit-your-backlink-profile,0,31,0%,56.23
https://backlinkgrid.com/resources/link-building-tools-comparison,0,30,0%,8.53
https://backlinkgrid.com/glossary/contributor-post,0,30,0%,23.83
https://backlinkgrid.com/glossary/toxic-backlinks,0,30,0%,38.9
https://backlinkgrid.com/blog/link-building-with-reddit,0,29,0%,24.28
https://backlinkgrid.com/blog/understanding-link-relevance,0,29,0%,31.17
https://backlinkgrid.com/link-building-tactics/haro-alternatives,0,29,0%,39.21
https://backlinkgrid.com/glossary/link-hoarding,0,28,0%,19.14
https://backlinkgrid.com/blog/link-building-for-startups,0,28,0%,51.29
https://backlinkgrid.com/glossary/content-syndication,0,28,0%,76.39
https://backlinkgrid.com/blog/future-of-link-building,0,27,0%,15.93
https://backlinkgrid.com/strategies/startup-launch-links,0,27,0%,20.67
https://backlinkgrid.com/guides/content-that-attracts-backlinks,0,26,0%,5.46
https://backlinkgrid.com/blog/how-to-get-backlinks-without-outreach,0,26,0%,11.35
https://backlinkgrid.com/guides,0,26,0%,12.5
https://backlinkgrid.com/backlink-quality,0,25,0%,15.88
https://backlinkgrid.com/blog/how-to-find-broken-links-for-link-building,0,25,0%,45.8
https://backlinkgrid.com/statistics/seo-industry-statistics,0,24,0%,6.17
https://backlinkgrid.com/backlink-quality/relevance-factors,0,23,0%,35.78
https://backlinkgrid.com/glossary/moving-man-method,0,22,0%,7.41
https://backlinkgrid.com/blog/link-building-case-study-ecommerce,0,22,0%,15.36
https://backlinkgrid.com/link-building/agency-vs-in-house,0,22,0%,30
https://backlinkgrid.com/resources/link-quality-checklist,0,22,0%,49.09
https://backlinkgrid.com/resources/competitor-gap-template,0,21,0%,12.1
https://backlinkgrid.com/backlinks/how-many-backlinks-do-i-need,0,21,0%,29.24
https://backlinkgrid.com/blog/how-to-write-guest-post-pitches-that-get-accepted,0,21,0%,39.1
https://backlinkgrid.com/glossary/link-growth-rate,0,20,0%,7.6
https://backlinkgrid.com/strategies/b2b-partnership-links,0,20,0%,9.15
https://backlinkgrid.com/strategies/local-press-coverage,0,20,0%,12.95
https://backlinkgrid.com/backlink-audit/using-metrics,0,19,0%,14.84
https://backlinkgrid.com/blog/quantity-vs-quality-backlinks,0,19,0%,17.79
https://backlinkgrid.com/blog/paid-vs-organic-link-building,0,19,0%,23.53
https://backlinkgrid.com/link-building-tactics,0,19,0%,25.89
https://backlinkgrid.com/blog/link-building-for-personal-brands,0,18,0%,6.39
https://backlinkgrid.com/blog/building-thought-leadership-through-links,0,18,0%,7.06
https://backlinkgrid.com/blog/link-building-strategies,0,18,0%,8.44
https://backlinkgrid.com/link-building/how-to-start,0,18,0%,27.5
https://backlinkgrid.com/glossary/link-diversity,0,18,0%,50
https://backlinkgrid.com/blog/dealing-with-negative-seo-attacks,0,18,0%,67.72
https://backlinkgrid.com/blog/link-building-case-study-saas,0,17,0%,4.88
https://backlinkgrid.com/backlinks/backlink-myths,0,17,0%,7.71
https://backlinkgrid.com/blog/why-your-link-building-isnt-working,0,17,0%,11.18
https://backlinkgrid.com/industries/fintech,0,17,0%,26.71
https://backlinkgrid.com/glossary/haro-link-building,0,17,0%,60.65
https://backlinkgrid.com/backlink-quality/evaluating-link-opportunities,0,16,0%,14.19
https://backlinkgrid.com/terms,0,16,0%,16.38
https://backlinkgrid.com/digital-pr/journalist-outreach,0,16,0%,17
https://backlinkgrid.com/strategies/startup-community-links,0,16,0%,24.81
https://backlinkgrid.com/strategies/agency-tool-links,0,15,0%,7.93
https://backlinkgrid.com/blog/backlink-quality-checklist,0,15,0%,27.93
https://backlinkgrid.com/outreach/follow-up-strategy,0,14,0%,4.5
https://backlinkgrid.com/strategies/ecommerce-supplier-links,0,14,0%,7.79
https://backlinkgrid.com/blog/link-building-on-a-budget,0,13,0%,7.15
https://backlinkgrid.com/statistics/content-marketing-roi-statistics,0,13,0%,11.38
https://backlinkgrid.com/blog/outreach-response-rate-optimization,0,13,0%,12.38
https://backlinkgrid.com/industries/ecommerce,0,13,0%,15.92
https://backlinkgrid.com/industries/b2b,0,13,0%,31.08
https://backlinkgrid.com/glossary/new-backlinks,0,13,0%,37.62
https://backlinkgrid.com/glossary/geo-targeted-links,0,13,0%,41.31
https://backlinkgrid.com/glossary,0,12,0%,7.25
https://backlinkgrid.com/blog/link-building-with-digital-assets,0,12,0%,22.75
https://backlinkgrid.com/link-building-tactics/skyscraper-technique,0,12,0%,42.17
https://backlinkgrid.com/blog/domain-authority-explained,0,12,0%,58.83
https://backlinkgrid.com/blog/follow-up-emails-that-get-responses,0,11,0%,9.45
https://backlinkgrid.com/blog/most-effective-link-building-tactics,0,11,0%,11.45
https://backlinkgrid.com/tools,0,11,0%,14.82
https://backlinkgrid.com/comparisons/manual-vs-automated-outreach,0,11,0%,22.18
https://backlinkgrid.com/blog/link-building-for-blog-posts,0,11,0%,42.91
https://backlinkgrid.com/blog/how-google-evaluates-backlinks,0,10,0%,6.8
https://backlinkgrid.com/blog/building-relationships-for-links,0,10,0%,13.7
https://backlinkgrid.com/industries/travel,0,10,0%,23.4
https://backlinkgrid.com/backlink-audit/toxic-links,0,10,0%,44.5
https://backlinkgrid.com/blog/how-to-build-links-with-data-studies,0,9,0%,4.11
https://backlinkgrid.com/blog,0,9,0%,6.67
https://backlinkgrid.com/resources/roi-calculator,0,9,0%,8.56
https://backlinkgrid.com/resources/outreach-quality-checklist,0,9,0%,10.78
https://backlinkgrid.com/industries/enterprise,0,9,0%,12.56
https://backlinkgrid.com/blog/link-building-for-product-pages,0,9,0%,14.33
https://backlinkgrid.com/guides/what-are-backlinks-complete-guide,0,9,0%,15.44
https://backlinkgrid.com/blog/topical-authority-and-backlinks,0,9,0%,30.56
https://backlinkgrid.com/glossary/broken-link-building,0,9,0%,82.22
https://backlinkgrid.com/glossary/guest-blogging,0,9,0%,84.11
https://backlinkgrid.com/tools/roi-calculator,0,8,0%,12.12
https://backlinkgrid.com/backlink-audit/how-to-audit,0,8,0%,12.75
https://backlinkgrid.com/blog/e-e-a-t-and-link-building,0,8,0%,27.75
https://backlinkgrid.com/blog/measuring-link-building-roi,0,8,0%,28
https://backlinkgrid.com/blog/backlink-reporting-for-clients,0,8,0%,44.75
https://backlinkgrid.com/blog/white-label-link-building-guide,0,8,0%,56.5
https://backlinkgrid.com/backlink-quality/trust-signals,0,7,0%,8.86
https://backlinkgrid.com/strategies/ecommerce-influencer-links,0,7,0%,9.43
https://backlinkgrid.com/link-building/roi,0,7,0%,10.57
https://backlinkgrid.com/blog/link-building-campaign-planning,0,7,0%,11.14
https://backlinkgrid.com/outreach/relationship-building,0,7,0%,15.29
https://backlinkgrid.com/blog/link-building-with-linkedin,0,7,0%,17.43
https://backlinkgrid.com/digital-pr/creative-campaigns,0,7,0%,21.43
https://backlinkgrid.com/contact,0,7,0%,27.71
https://backlinkgrid.com/blog/what-makes-a-high-quality-backlink,0,7,0%,33
https://backlinkgrid.com/glossary/sponsored-content,0,7,0%,35.29
https://backlinkgrid.com/glossary/spammy-backlinks,0,7,0%,41.71
https://backlinkgrid.com/strategies/ecommerce-product-link-building,0,7,0%,50
https://backlinkgrid.com/blog/link-building-budget-allocation,0,6,0%,5.83
https://backlinkgrid.com/industries/local-business,0,6,0%,6.33
https://backlinkgrid.com/backlink-quality/spam-signals,0,6,0%,11.17
https://backlinkgrid.com/blog/creating-a-link-building-strategy,0,6,0%,16.17
https://backlinkgrid.com/blog/how-to-fix-a-bad-backlink-profile,0,6,0%,30.67
https://backlinkgrid.com/blog/zero-to-dr50-link-building-journey,0,5,0%,4.2
https://backlinkgrid.com/privacy,0,5,0%,4.4
https://backlinkgrid.com/digital-pr/data-studies,0,5,0%,5.6
https://backlinkgrid.com/blog/link-building-for-competitive-niches,0,5,0%,8
https://backlinkgrid.com/link-building/white-hat,0,5,0%,10
https://backlinkgrid.com/industries/crypto,0,5,0%,16.6
https://backlinkgrid.com/strategies/saas-content-marketing-links,0,4,0%,4.5
https://backlinkgrid.com/strategies/startup-investor-pr-links,0,4,0%,4.75
https://backlinkgrid.com/blog/building-links-to-boring-industries,0,4,0%,8.25
https://backlinkgrid.com/blog/annual-link-building-roadmap,0,4,0%,9.75
https://backlinkgrid.com/blog/becoming-a-cited-source-in-your-industry,0,4,0%,10
https://backlinkgrid.com/resources/content-promotion-checklist,0,4,0%,11
https://backlinkgrid.com/sitemap-page,0,4,0%,13.5
https://backlinkgrid.com/glossary/influencer-outreach,0,4,0%,14.25
https://backlinkgrid.com/strategies,0,4,0%,23
https://backlinkgrid.com/industries,0,4,0%,23.25
https://backlinkgrid.com/blog/what-are-backlinks,0,3,0%,4.67
https://backlinkgrid.com/strategies/b2b-thought-leadership-links,0,3,0%,7
https://backlinkgrid.com/link-building-tactics/guest-posting,0,3,0%,8.67
https://backlinkgrid.com/blog/link-building-for-content-sites,0,3,0%,18
https://backlinkgrid.com/blog/link-building-for-ymyl-sites,0,3,0%,18
https://backlinkgrid.com/strategies/b2b-industry-publication-links,0,3,0%,44
https://backlinkgrid.com/industries/healthcare,0,3,0%,53.67
https://backlinkgrid.com/blog/link-building-terminology-glossary,0,2,0%,5
https://backlinkgrid.com/industries/real-estate,0,2,0%,5
https://backlinkgrid.com/blog/link-building-for-landing-pages,0,2,0%,5.5
https://backlinkgrid.com/strategies/service-business-local-links,0,2,0%,6.5
https://backlinkgrid.com/blog/link-building-for-service-businesses,0,2,0%,10.5
https://backlinkgrid.com/blog/personalization-in-link-outreach,0,2,0%,11.5
https://backlinkgrid.com/blog/link-building-templates-and-scripts,0,2,0%,18.5
https://backlinkgrid.com/resources/link-quality-scorecard,0,2,0%,19
https://backlinkgrid.com/outreach,0,2,0%,29.5
https://backlinkgrid.com/digital-pr/newsjacking,0,2,0%,40
https://backlinkgrid.com/link-building/content-that-earns-links,0,1,0%,3
https://backlinkgrid.com/blog/tracking-link-building-progress,0,1,0%,4
https://backlinkgrid.com/blog/proving-link-building-value-to-stakeholders,0,1,0%,8
https://backlinkgrid.com/comparisons/outreach-vs-paid-links,0,1,0%,8
https://backlinkgrid.com/blog/building-links-without-content,0,1,0%,9
https://backlinkgrid.com/blog/link-building-in-age-of-ai,0,1,0%,11
https://backlinkgrid.com/industries/legal,0,1,0%,26