Top queries,Clicks,Impressions,CTR,Position
link building statistics,2,281,0.71%,33.23
backlink checker free,1,960,0.1%,75.87
youtube link building,1,6,16.67%,12.33
backlink checker,0,4852,0%,81.27
free backlink checker,0,3214,0%,75.73
"high da/dr guest posting sites list [2026] - all niches accepted 
gpsiteslist.com",0,2357,0%,9.44
semrush vs moz,0,1361,0%,64.37
free backlink checker tool,0,1323,0%,74.46
backlink tracker,0,1255,0%,77.9
backlinks checker,0,1249,0%,81.44
backlink finder,0,1116,0%,75.59
backlink checker tool,0,1109,0%,80.61
backlink checkers,0,1086,0%,61.3
find backlinks,0,865,0%,78.51
ahrefs vs moz,0,818,0%,63.09
backlink counter,0,808,0%,74.47
free backlinks checker,0,709,0%,74.92
unlinked mentions,0,609,0%,67.56
check backlinks free,0,590,0%,66.46
difference between moz and ahrefs domain ranking,0,583,0%,65.12
linkable assets,0,541,0%,79.46
backlink analyzer,0,536,0%,78.84
moz alternative,0,495,0%,91.47
backlinks definition,0,479,0%,84.13
free backlink analysis tool,0,465,0%,72.32
linkable asset,0,457,0%,80.12
ahrefs or moz more accurate for domain rankings,0,453,0%,30.63
moz pa,0,450,0%,46.77
rel ugc,0,449,0%,67.22
free backlink checker tools,0,446,0%,74.41
page authority,0,419,0%,88.77
backlink audit,0,410,0%,90.17
moz vs ahrefs,0,403,0%,45.39
best backlink checker free,0,402,0%,61.07
backlink definition,0,401,0%,83.77
backlinks tracker,0,398,0%,63.9
domain backlink checker,0,395,0%,85.99
backlink checker free tool,0,393,0%,73.57
backlinks finder,0,390,0%,76.79
link reclamation,0,390,0%,86.04
external links nofollow seo best practices 2026,0,375,0%,19.58
ugc link,0,375,0%,49.21
local citation building,0,372,0%,57.45
blogger outreach,0,372,0%,83.46
link equity,0,369,0%,84.07
backlink analysis tool free,0,361,0%,66.71
resource page link building,0,360,0%,79.5
disavow file,0,356,0%,78.36
ahrefs dr vs moz da,0,351,0%,55.44
authority ranking,0,351,0%,67.54
hunter.io vs snov.io email finder comparison,0,347,0%,14.85
backlink viewer,0,344,0%,65.93
backlinks checker free,0,337,0%,71.8
do follow link,0,331,0%,76.89
backlinkchecker,0,327,0%,80.4
pagerank sculpting,0,324,0%,63.93
do follow,0,319,0%,78.92
free backlink tool,0,317,0%,76.12
ugc links,0,316,0%,76.07
rel dofollow,0,311,0%,52.92
ahrefs unlinked mentions,0,310,0%,61.18
moz da vs ahrefs dr,0,302,0%,57.27
backlink cheker,0,302,0%,80.6
backlinks checkers,0,301,0%,66.81
ahrefs guide to link buiding,0,300,0%,20.18
free online backlink checker,0,299,0%,70.69
define backlink,0,298,0%,91.44
moz page authority explained,0,297,0%,23.17
free tool to check backlinks,0,295,0%,57.16
linkspam,0,292,0%,65.95
moz vs semrush,0,291,0%,62.16
back link checker,0,290,0%,80.59
backlink finder free,0,289,0%,69.5
backlink analysis tool,0,287,0%,78.74
majestic seo free alternative,0,286,0%,68.81
backlink check free,0,285,0%,77.9
competitor backlink checker,0,285,0%,78.35
page pa,0,279,0%,26.79
check my backlinks free,0,277,0%,72.69
free backlink finder,0,276,0%,64.43
sitewide links,0,272,0%,66.39
rel sponsored,0,270,0%,79.3
moz semrush,0,267,0%,42.43
free backlink analysis,0,267,0%,65.89
free backlinks checker tools,0,263,0%,58.6
ahrefs domain comparison,0,257,0%,53.28
domain backlinks checker,0,253,0%,82.99
link building outreach,0,253,0%,86.46
moz link tool,0,251,0%,31.93
niche edits,0,250,0%,87.55
links overview moz,0,248,0%,10.41
majestic seo alternative,0,248,0%,75.11
website backlink checker free,0,247,0%,67.25
link building agency,0,243,0%,81.69
do-follow link,0,242,0%,77.48
unlinked mentions ahrefs,0,241,0%,60.8
alternative to majestic backlinks,0,237,0%,45.95
"""seo"" + ""link roundup""",0,236,0%,15.58
do follow links,0,235,0%,75.05
find backlinks free,0,234,0%,63.64
backlinks checker tool free,0,234,0%,67.07
ahrefs guide to link building,0,232,0%,21.68
footer links,0,228,0%,81.49
outreach link,0,224,0%,54.66
backlink audit guide,0,222,0%,78.92
linkbuilding ahrefs,0,220,0%,28.91
link building techniques,0,220,0%,94.13
backlink count checker,0,217,0%,73.71
check backlink free,0,216,0%,73.52
domain backlink check,0,216,0%,83.82
majestic seo alternatives,0,211,0%,75.93
backlinks counter,0,209,0%,62.76
disavow google,0,209,0%,75.43
check backlinks for free,0,207,0%,60.72
backlink chekr,0,207,0%,81.75
how to check backlinks free,0,206,0%,66.08
pagerank history,0,206,0%,88.61
link building case study,0,205,0%,80.69
backlink checker tools free,0,203,0%,64.15
best free backlinks checker,0,198,0%,56.85
backlink checker software free,0,198,0%,65.65
bulk backlink checker,0,195,0%,85.92
check backlinks to my website free,0,193,0%,70.16
free online backlink analysis,0,191,0%,64.69
moz page authority,0,189,0%,52.27
best backlinks checker,0,184,0%,46.53
back link check,0,183,0%,81.37
backlinks checker free tool,0,182,0%,65.3
competitor backlink analysis tool free,0,181,0%,67.55
majestic alternatives,0,179,0%,79.29
moz backlinks tool,0,177,0%,35.65
backlink free checker,0,175,0%,74.44
local seo citation building,0,174,0%,54.29
free unlimited backlink checker,0,172,0%,57.11
free backlink checker online,0,171,0%,65.91
best backlink checker,0,171,0%,82.63
competitor backlink analysis,0,166,0%,85.04
what is a do follow link,0,164,0%,82.21
moz ahrefs,0,163,0%,41.07
link building ahrefs scrapebox url profiler,0,163,0%,58.61
ahrefs equivalent to majestic,0,163,0%,62.26
moz or semrush,0,162,0%,41.99
link sculpting,0,161,0%,79.51
website backlink checker,0,161,0%,87.66
link building agencies,0,157,0%,70.52
disavowing,0,157,0%,86.32
domain pagerank,0,153,0%,66.83
do-follow links,0,153,0%,80.14
free competitor backlink analysis tool,0,150,0%,64.29
nofollow ugc sponsored,0,150,0%,67.21
resource link building,0,150,0%,83.39
link building checklist,0,149,0%,27.97
best free backlink tool,0,149,0%,72.63
backlink database,0,148,0%,42.97
alternative to majestic seo,0,148,0%,58.91
free backlinks checker tool,0,148,0%,64.49
backlinks finder free,0,146,0%,68.32
moz link explorer tutorial,0,145,0%,5.81
trust flow,0,145,0%,82.1
free competitor backlink analysis,0,144,0%,63.72
da domain,0,144,0%,70.76
backlink gap analysis,0,144,0%,79.12
best bulk backlink checker,0,142,0%,65.61
google disavow file,0,141,0%,47.92
bulk backlink checker free,0,141,0%,59.51
do follow link example,0,141,0%,69.56
backlink checker moz,0,140,0%,46.76
seo backlink checker tool free,0,140,0%,83.99
disabow,0,140,0%,88.92
moz backlink checker,0,139,0%,77.87
backlinks analyzer,0,138,0%,64.33
link building strategies,0,138,0%,82.3
footer link,0,137,0%,47.97
using ahrefs to find unlinked mentions,0,137,0%,63.15
free backlink check,0,137,0%,73.4
unlinked brand mentions,0,137,0%,87.23
skyscraper technique,0,135,0%,83.73
backlink meaning,0,135,0%,85.33
ahrefs ur dr explained,0,134,0%,70.15
free google backlink checker tool,0,134,0%,74.9
backlink profile checker,0,132,0%,88.96
backlink analysis tools free,0,131,0%,62.23
what’s the connection between brand authority and third-party links?,0,130,0%,6.87
backlink analyzer tool free,0,130,0%,57.94
backlink checker tool free,0,130,0%,72.65
tf seo,0,128,0%,80.45
dissavow,0,128,0%,89.8
moz backlinks,0,126,0%,49.06
seo moz site explorer,0,126,0%,52.65
backlink analysis free,0,125,0%,67.07
backlinks free checker,0,125,0%,71.22
external backlinks checker,0,124,0%,68.76
haro alternatives,0,124,0%,70.31
disenvow,0,124,0%,89.99
moz da vs majestic vs ahrefs,0,123,0%,50.54
backlink checker online free,0,122,0%,71.16
what are do follow links,0,121,0%,79.9
best free online backlink checker,0,120,0%,69.83
check competitors backlinks free,0,120,0%,70.34
disovow,0,120,0%,89.24
check domain backlinks,0,119,0%,76.65
site backlink checker free,0,118,0%,67.11
link building method,0,118,0%,72.85
guest posting vs niche edits,0,116,0%,58.85
website backlinks checker free,0,115,0%,72.08
check competitor backlinks free,0,114,0%,73.08
site explorer moz,0,113,0%,39.3
disvow,0,113,0%,89.65
how to get edu backlinks,0,112,0%,42.2
"press release anchor text distribution strategy branded partial match 
keyword naked",0,111,0%,14.84
moz link guide,0,111,0%,15.38
seo moz vs semrush,0,111,0%,47.52
check website backlinks free,0,111,0%,63.95
best free backlink checker,0,111,0%,74.01
international seo link building,0,111,0%,74.14
moz alternatives,0,111,0%,85.32
google search central spam policies link schemes,0,110,0%,6.82
check backlinks online,0,110,0%,75.77
how does ahrefs dr compare to da,0,108,0%,42.19
ahrefs backlink building,0,108,0%,44.33
backlink checker free tools,0,108,0%,60.88
free seo backlink checker,0,108,0%,68.5
buzzstream alternatives,0,107,0%,20.65
free website backlinks checker,0,107,0%,69.86
rank watch backlink checker,0,107,0%,74.47
backlinks checker online free,0,106,0%,70.69
diavow,0,106,0%,89.86
alternatives to majestic backlinking software,0,105,0%,43.98
guest posts vs niche edits,0,105,0%,57.13
semrush moz,0,104,0%,39.11
rel=ugc,0,104,0%,66.69
back links checker,0,104,0%,79.97
"""link velocity"" and ""ahrefs""",0,103,0%,44.17
monitor backlinks free,0,103,0%,63.27
check backlinks of website free,0,103,0%,67.62
free backlink checker software,0,103,0%,68.15
backlink checker tool free download,0,102,0%,49.06
ahrefs link building,0,101,0%,26.75
best backlink checker tool free,0,101,0%,63.97
ahrefs or moz more accurate,0,101,0%,69.85
backlink audit checklist,0,100,0%,25.35
backlink quality checker,0,99,0%,72.46
backlink analysis,0,99,0%,94.99
7 best free backlink checker tools,0,98,0%,64.2
free backlink report,0,98,0%,67.71
anchor text guide,0,98,0%,70.56
haro alternative,0,98,0%,82.21
moz link finder,0,97,0%,36.05
backlink checker for free,0,97,0%,71.89
backlink explorer,0,97,0%,75.48
is ahrefs more accurate than moz,0,97,0%,76.42
best free backlink checker tool,0,97,0%,77.08
free backlinks search,0,96,0%,71.3
ahrefs moz,0,95,0%,46.74
free backlink audit tool,0,95,0%,79.57
check your backlinks free,0,94,0%,64.4
link metrics checklist,0,93,0%,22.34
moz link explorer,0,93,0%,47.53
backlink checker tool online free,0,93,0%,69.6
moz link explorer page authority,0,92,0%,27.25
backlink analysis template,0,92,0%,41.66
find backlinks to a page free,0,92,0%,82.62
check site backlinks,0,90,0%,83.82
find competitor backlinks free,0,90,0%,84.2
bad anchor text ahrefs,0,90,0%,87.14
backlink type,0,89,0%,64.24
backlink analyzer free,0,89,0%,65.1
blue backlink checker,0,89,0%,70.02
backlink checker free online,0,89,0%,78.12
baclink checker,0,88,0%,78.51
google spam policies link schemes,0,87,0%,6.59
moz backlink,0,87,0%,75.55
backlinks explorer,0,87,0%,78.95
da authority,0,87,0%,81.1
dofollow,0,87,0%,89.13
expert roundups,0,86,0%,53.31
what are web directories,0,86,0%,81.83
google search central link spam policies link schemes,0,85,0%,6.91
best number of backlinks checker,0,85,0%,52.36
free backlink checker sites,0,85,0%,64.02
backlink guide,0,85,0%,64.11
domain backlinks check,0,85,0%,68.36
free back link checker,0,85,0%,75.8
backlinko skyscraper,0,85,0%,78.93
backlink-checker,0,85,0%,81.19
resource pages link building,0,85,0%,81.22
backlink grid buy,0,84,0%,3.24
free backlink checking tool,0,84,0%,76.94
backlink score checker,0,84,0%,79.44
backlink gap tool,0,83,0%,73.25
link building guide,0,82,0%,76.54
competitor backlink analysis tool,0,82,0%,84.29
disavow,0,82,0%,88.82
check site backlinks free,0,81,0%,61.89
linkbuilding moz,0,81,0%,80.06
find out many backlinks website has,0,81,0%,81.58
how to use moz pro to find backlinks,0,80,0%,16.85
homepage backlinks,0,80,0%,44.77
free backlink checker seo tool,0,79,0%,73.04
no follow link code,0,79,0%,76.58
free backlink analysis tools,0,78,0%,68.12
backlink watch free tool,0,78,0%,80.64
page authority moz,0,77,0%,37.75
backlink domain checker,0,77,0%,65.04
check website backlinks for free,0,77,0%,65.08
moz links,0,77,0%,67.22
backlink grid space,0,76,0%,6.34
best guest posting sites usa traffic 2026,0,76,0%,20.49
semrush or moz,0,76,0%,47.99
backlinks checker free online,0,76,0%,69.26
free back link checker tool,0,76,0%,76.84
how to do blogger outreach,0,76,0%,84.67
moz backlink research,0,75,0%,29.29
check all backlinks free,0,75,0%,65.71
moz backlink explanation,0,74,0%,32.2
moz page authority paper,0,74,0%,52.41
backlink.checker,0,74,0%,82.76
backlink profile audit,0,74,0%,84.46
broken link building,0,74,0%,94.96
google search central link spam policies link schemes documentation,0,73,0%,5.71
backlink counter tool,0,73,0%,65.42
lost backlink checker,0,73,0%,70.53
backlink audit pro,0,72,0%,48.21
ahrefs domain comparison text,0,72,0%,48.85
free backlink checker with pagerank,0,72,0%,54.69
total backlinks checker,0,72,0%,71.12
google disavow tool,0,72,0%,71.32
penalty recovery,0,71,0%,41.32
how to discover links with moz,0,70,0%,26.64
check free backlinks,0,70,0%,68.53
site explorer backlink checker,0,70,0%,68.54
is moz or ahrefs more accurate for domain authority,0,69,0%,36.97
seo backlink checker free,0,69,0%,79.06
backlink explorer moz,0,67,0%,19.42
free backlinks check,0,67,0%,61.93
backlinks checker tool,0,67,0%,71.84
free website backlink checker,0,67,0%,76.76
backlink checking,0,67,0%,83.81
ahrefs link,0,67,0%,85.27
google backlink checker free,0,67,0%,87.46
outreach link building,0,67,0%,87.93
how does pagerank work,0,67,0%,90.01
pagerank,0,67,0%,91.93
saas companies partnerships backlinks strategies 2026,0,66,0%,17.88
backlink audit ahrefs,0,66,0%,42.52
ahrefs / moz,0,66,0%,45.26
what is moz pa,0,66,0%,47.47
sem rush vs moz,0,66,0%,68.3
citation building for local seo,0,66,0%,68.98
backlink checker tools,0,66,0%,77.65
what is dofollow,0,66,0%,86.82
moz link explorer inbound links,0,65,0%,21.35
moz for majestic vs ahrefs vs semrush,0,65,0%,46.43
check for backlinks free,0,65,0%,68.8
free backlink checker website,0,65,0%,70.22
why does domain authority differ between semrush and moz,0,64,0%,53.52
moz link,0,64,0%,53.55
link building seo company case studies,0,64,0%,54.45
moz semrush logo,0,64,0%,63.95
free backlinks finder,0,64,0%,65.61
competitor backlink checker tool,0,64,0%,81.95
anchor text optimization,0,64,0%,84.05
moz find backlinks,0,63,0%,30.65
what is pa moz,0,63,0%,45.35
how to check website backlinks for free,0,63,0%,57.25
blogger outreach strategy,0,63,0%,74.92
link insertion,0,63,0%,79.67
google search central spam policies link schemes documentation,0,62,0%,6.27
moz open site explorer report,0,62,0%,33.45
how to get backlinks from gov sites,0,62,0%,36.79
free competitor backlink checker,0,62,0%,67.03
do follow tag,0,62,0%,76.1
how to find gov backlinks,0,61,0%,69.64
blogger outreach program,0,61,0%,71.38
external backlink checker,0,61,0%,73.38
moz backlink strategy,0,60,0%,26.52
moz site explore,0,60,0%,28.95
backlink report free,0,60,0%,59.98
follow vs nofollow,0,60,0%,66.13
seo backlinks checker free,0,60,0%,69.07
nofollow vs dofollow,0,60,0%,80.32
what is page authority,0,60,0%,84.67
moz open site explorer,0,60,0%,87.7
what is scholarship link building,0,59,0%,21.58
how to use moz to find backlinks,0,59,0%,25.75
free backlink research tool,0,59,0%,68.81
localeze a dofollow link moz local,0,59,0%,69.03
backlink anchor text analysis,0,58,0%,73.74
referring domains vs backlinks,0,58,0%,82.95
what is moz open site explorer,0,57,0%,37.33
what does moz page authority mean,0,57,0%,40.65
find competitors backlinks free,0,57,0%,77.4
do follow in seo,0,57,0%,80.65
best free backlink checker tools,0,57,0%,80.98
moz page explorer,0,56,0%,32.46
moz open link explorer,0,56,0%,34.38
competitor link checker,0,56,0%,63.39
check backlinks online free,0,56,0%,63.66
unlinked mention,0,56,0%,75.41
alternatives to moz,0,56,0%,87.59
monitoring backlinks,0,56,0%,89.93
moz sitelinks explorer,0,55,0%,23.69
page rank 2026,0,55,0%,32.24
moz domain explorer,0,55,0%,37.58
good backlink checker,0,55,0%,61.65
check backlinks,0,55,0%,84.42
check number of backlinks,0,54,0%,62.28
link building resources,0,54,0%,66.28
what does nofollow link mean,0,54,0%,77.22
back link checker tool,0,54,0%,82.93
nap consistency,0,54,0%,89.37
blogger outreach best practices,0,53,0%,59.55
what is do follow,0,53,0%,79.19
do follow link html,0,53,0%,86.83
what is a lost backlink,0,52,0%,5.67
moz link explorer thoughts,0,52,0%,26.31
pa score moz meaning,0,52,0%,42.73
what is page authority rank from moz,0,52,0%,47.21
seo semrush moz logo,0,52,0%,57.63
backlink tester,0,52,0%,77.17
alternative to moz,0,52,0%,92.96
google search essentials link spam policies link schemes,0,51,0%,6.16
link building dashboards,0,51,0%,9.29
google search central spam policies link spam,0,51,0%,9.78
how to use ahrefs content explorer to build links,0,51,0%,13.8
what determines page authority moz,0,51,0%,41.73
backlink definition in seo,0,51,0%,62.53
website backlinks checker,0,51,0%,80.98
the skyscraper technique,0,51,0%,89.88
in moz what is good page authority,0,50,0%,53.18
free domain backlink checker,0,50,0%,63.78
the best backlink checker,0,50,0%,69.68
how to find competitors backlinks free,0,50,0%,79.12
reciprocal link means,0,49,0%,43.92
what is da in moz,0,49,0%,67.76
top link building agencies,0,49,0%,80.27
editorial backlinks,0,49,0%,86.33
moz link exploer limit in a day,0,48,0%,20.04
how to check backlinks with moz,0,48,0%,32.42
blogger outreach seo,0,48,0%,61.67
how to choose between niche edits and guest posts,0,48,0%,64.4
dofollow link,0,48,0%,81.77
best free backlink analysis tool,0,47,0%,61.6
free online backlinks checker,0,47,0%,67.79
link research tool free,0,47,0%,68.13
moz linkbuilding,0,47,0%,69
google manual actions,0,47,0%,78.68
what is do follow link in seo,0,47,0%,81.02
moz link explorer fluctuations,0,46,0%,26.96
moz backlink search,0,46,0%,35.07
guest posts vs. niche edits,0,46,0%,63.91
moz domain authority explained,0,46,0%,64.37
what is internal and external linking in seo,0,46,0%,76.3
moz vs semrush 2017,0,46,0%,78.96
moz link search,0,45,0%,38.47
sitewide link,0,45,0%,45.51
moz page athority,0,45,0%,53.07
link outreach email template,0,45,0%,62.87
effective link building strategies,0,45,0%,69.82
free seo backlink checker tools,0,45,0%,70.18
ugc link attribute,0,45,0%,84.2
disavow tool,0,45,0%,84.38
seo pagerank,0,45,0%,93.09
google search central spam policies link spam link schemes,0,44,0%,6.3
what is a link scheme,0,44,0%,27.27
what is link profile,0,44,0%,33.75
moz explorer unlinked mentions,0,44,0%,49.45
external backlinks check,0,44,0%,78.41
back link check tool,0,44,0%,78.52
backlink checking tool,0,44,0%,78.98
citation building,0,44,0%,92.11
saas companies partnerships backlink strategies 2026,0,43,0%,13.26
link building for youtube videos,0,43,0%,16.05
strategies for link building,0,43,0%,53.81
da and pa moz explaination,0,43,0%,67.58
quality backlinks meaning,0,43,0%,74.6
backlink tool free,0,43,0%,75.19
get backlinks fir service pages,0,42,0%,12.79
linkbuilding dashboard,0,42,0%,20.93
moz or semrush training,0,42,0%,65.9
blogger outreach for seo,0,42,0%,72.12
seo page authority,0,42,0%,78.52
dofollow links,0,42,0%,78.62
backlinks free,0,42,0%,80.76
moz score open site explorer,0,41,0%,33.98
keyword explorer by moz guide lines,0,41,0%,48.22
backlink building strategies,0,41,0%,62.83
moz da explained,0,41,0%,63.68
backlink building techniques,0,41,0%,68.68
what is a sponsored link,0,41,0%,77.9
no follow link,0,41,0%,83.68
broken link building ahrefs,0,41,0%,88.78
no follow,0,41,0%,92.78
google search spam policies link schemes documentation,0,40,0%,5.58
link building vs content marketing,0,40,0%,30.12
seomoz link explorer,0,40,0%,38.08
anchor text ahrefs,0,40,0%,55.98
backlink rank checker,0,40,0%,70.42
resource page link building company,0,40,0%,74.4
pa in seo,0,40,0%,75.15
moz vs semrush 2018,0,40,0%,75.35
backlink checker online,0,40,0%,77.95
backlink free tool,0,40,0%,85.62
backlink+checker,0,40,0%,88.1
get backlinks for service pages,0,39,0%,8.54
moz indexed pages tool,0,39,0%,38.79
how to get backlinks from edu sites,0,39,0%,46.1
moz page authority chart,0,39,0%,61.41
whhat is moz pa,0,39,0%,62.85
check how many backlinks,0,39,0%,69.18
backlink lookup,0,39,0%,78.18
dofollow vs nofollow,0,39,0%,79.59
backlink checker free google,0,39,0%,83.67
"""seo"" + ""weekly roundup""",0,39,0%,94.51
follow vs nofollow report in moz,0,38,0%,31.08
moz open site explorer toolbar,0,38,0%,38.84
moz backlink analysis,0,38,0%,64.84
accurate backlink checker,0,38,0%,70.71
dofollow seo,0,38,0%,74.95
backlinks audit,0,38,0%,93.82
scale link building,0,37,0%,20.19
seosemrush moz logo,0,37,0%,51.89
black hat linkbuilding,0,37,0%,57.46
find unlinked brand mentions,0,37,0%,67.19
valuable backlinks checker,0,37,0%,69.84
backlink analysis free tools,0,37,0%,71.49
online free backlink checker,0,37,0%,72.32
niche edit,0,37,0%,72.7
link prospecting,0,37,0%,75.46
footers seo,0,37,0%,76.05
free backlinks tool,0,37,0%,82.27
link velocity,0,37,0%,83.08
seo skyscraper technique,0,37,0%,87.92
pagerank seo,0,37,0%,95.81
google disavow links when to use official guidance,0,36,0%,5.14
google search central link schemes spam policies,0,36,0%,6.56
high traffic guest posting sites usa 2026,0,36,0%,19.94
moz page authority 23,0,36,0%,47.42
types of linkable assets,0,36,0%,52.72
test link building ahrefs,0,36,0%,52.83
majestic trust flow,0,36,0%,59.67
what is google's pagerank,0,36,0%,72.58
best backlink checkers,0,36,0%,77.28
backlink gap,0,36,0%,82.06
manual action,0,36,0%,83.97
link farms,0,36,0%,84.89
editorial links,0,36,0%,92.75
moz open site explorer tool,0,35,0%,56.43
moz /page-authority,0,35,0%,57.49
moz domain authority vs ahrefs domain rating,0,35,0%,67.57
unlinked brand mentions ahrefs,0,35,0%,68.66
moz da50 website,0,35,0%,70.23
compare moz and ahrefs which is better,0,35,0%,71.54
backlinks guide,0,35,0%,71.83
moz unlinked mentions,0,35,0%,78.46
banklinks checker,0,35,0%,79.34
google backlink update,0,34,0%,9.18
link building kpis,0,34,0%,35.41
how to get gov backlinks,0,34,0%,42.65
what makes a quality backlink,0,34,0%,58.91
backlinks check free,0,34,0%,61.5
valuable backlink checker,0,34,0%,67.68
seo citation building,0,34,0%,72.12
backlink audit free,0,34,0%,72.35
guide to effective linkbuilding,0,34,0%,76.15
backlink checke,0,34,0%,84.06
site backlinks checker,0,34,0%,90.06
majestic seo vs semrush,0,34,0%,90.18
google search central link spam policy,0,33,0%,10.55
what is sitewide backlinks,0,33,0%,32.33
niche edit links vs guest posts,0,33,0%,38.3
rel nofollow vs ugc vs sponsored,0,33,0%,41.94
moz or ahrefs for backlinks,0,33,0%,56
best websites for checking backlinks,0,33,0%,59.18
ahrefs dr same as mox da,0,33,0%,81.18
how to build 100 backlinks in 30 days or less?,0,32,0%,7.34
how to get a backlink to a service page,0,32,0%,9.19
google search central link spam policies,0,32,0%,10.28
high da blog submission sites 2026,0,32,0%,16.97
seo moz site exploer competition,0,32,0%,39.12
ahrefs linkbuilding,0,32,0%,40.38
link building stats,0,32,0%,43.06
moz link building,0,32,0%,48.56
trust flow majestic,0,32,0%,64.75
moz backlink check,0,32,0%,66.38
free all backlink checker,0,32,0%,71.59
count backlinks,0,32,0%,77.03
backlink health checker,0,32,0%,78.03
domain link checker,0,32,0%,80.62
backlink competitor analysis,0,32,0%,89.25
seo reciprocal links,0,32,0%,94.44
google search spam policies link spam link schemes documentation,0,31,0%,5.06
link building ahrefs,0,31,0%,32.58
aggressive tier 1 backlinks,0,31,0%,47.23
is link buildinng part of seo or content marketing,0,31,0%,59.23
reciprocal link meaning,0,31,0%,64.77
link spamming,0,31,0%,66.42
is there anything on ahrefs that measures topical trust flow?,0,31,0%,72.55
blogger outreach strategies,0,31,0%,75.45
what are pa and da in seo moz,0,31,0%,76.06
back link checker free,0,31,0%,76.26
sites like haro,0,31,0%,78.23
majestic alternative,0,31,0%,82.81
link building strategy,0,31,0%,83.1
backlinck checker,0,31,0%,84.55
unlinked brand mention,0,31,0%,84.9
reciprocal link exchange,0,31,0%,87.39
linkbuilding for a new domain,0,30,0%,16.57
curated link provider,0,30,0%,30.73
backlink audit template,0,30,0%,33.3
pitchbox alternative,0,30,0%,52.3
free backlinks checker online,0,30,0%,59.2
moz link checker,0,30,0%,64.87
moz pro vs ahrefs,0,30,0%,66.63
what is moz page authority,0,30,0%,71
moz link intersect,0,30,0%,72.23
link spam,0,30,0%,72.63
backlinks free tool,0,30,0%,73.5
da site,0,30,0%,74.83
check backlinks of website,0,30,0%,80.03
best web2.0 backlink checker,0,30,0%,80.17
check backlinks of a website,0,30,0%,81.07
backling checker,0,30,0%,84.53
link baits,0,30,0%,91.23
google search central link spam policies documentation,0,29,0%,6.1
link penalty recovery,0,29,0%,54.31
link building company comparison,0,29,0%,55.76
check backlinks for domain,0,29,0%,69.62
moz unlinked mentios,0,29,0%,75.76
free backlink audit,0,29,0%,80.55
follow link seo,0,29,0%,84.76
local link building,0,29,0%,88.79
outreach linkbuilding,0,29,0%,89.1
external nofollow ugc,0,28,0%,43.57
backlink velocity,0,28,0%,49.86
link building freelancer,0,28,0%,51.32
ahrefs anchor text ratio,0,28,0%,69.75
trust flow seo,0,28,0%,73.07
what is a good trust flow score,0,28,0%,73.5
competitors backlink checker,0,28,0%,74.61
what is a link profile,0,28,0%,79.25
private blog network tutorial,0,28,0%,81.43
link juice,0,28,0%,86.79
seo farm,0,28,0%,87.39
european backlink checker,0,27,0%,21
does ahrefs have someting like moz spam score,0,27,0%,32.22
moz pa scale,0,27,0%,43.59
how to see dr comparison in ahrefs,0,27,0%,52.85
home page backlinks,0,27,0%,57.48
disavow files,0,27,0%,68.15
best backlink checker 2018,0,27,0%,68.3
link explorer moz,0,27,0%,68.81
how to find unlinked mentions in ahrefs,0,27,0%,69.37
twitter backlinks seo,0,27,0%,69.37
backlink define,0,27,0%,73.89
backlink audit tools,0,27,0%,76.89
audit backlinks,0,27,0%,79.85
link juice in seo,0,27,0%,83.04
lost backlinks,0,27,0%,83.59
best back link checker,0,27,0%,89.81
what are no follow links,0,27,0%,90.15
google search essentials spam policies link schemes,0,26,0%,6.27
what does pa mean on moz bar,0,26,0%,40.19
quality backlinks checker,0,26,0%,68.58
link building tools 2026,0,26,0%,69.04
anchor text ratio,0,26,0%,72.15
citation building seo,0,26,0%,72.92
reciprocal backlinks,0,26,0%,75.19
backlinks tool free,0,26,0%,76.58
check backlinks for website,0,26,0%,76.88
content syndication seo,0,26,0%,77.04
what is link equity,0,26,0%,77.46
spamming links,0,26,0%,80.12
backlink analysis whitepaper,0,26,0%,82.65
ahrefs vs mox,0,26,0%,82.96
backlink checekr,0,26,0%,83.58
google search central link spam policies link schemes buying links,0,25,0%,5
google search essentials link spam policy,0,25,0%,8.04
link reclamation email template,0,25,0%,24.84
test ahrefs link building,0,25,0%,41.08
curated backlinks,0,25,0%,50
backlink examples,0,25,0%,50.88
ahrefs vs. moz,0,25,0%,61.64
3 way link exchange,0,25,0%,65.2
ahrefs vs moz what is better domain artority,0,25,0%,71
quality backlink checker,0,25,0%,72.2
link building 101,0,25,0%,76.16
trust flow e citation flow,0,25,0%,83.08
native advertising seo,0,25,0%,83.32
backlink scanner,0,25,0%,84.36
backlink monitoring,0,25,0%,85.2
backlink building strategy,0,25,0%,93.76
google search central spam policies link spam link schemes documentation,0,24,0%,5.88
safe number of backlinks per month seo 2026,0,24,0%,8.88
ego bait,0,24,0%,50.83
backlink farm,0,24,0%,51.08
moz da meaning,0,24,0%,56.62
backlink checker kostenlos,0,24,0%,68.42
difference in disavow url or domains ahrefs,0,24,0%,70.29
exact match anchor text,0,24,0%,73.12
do follow backlinks meaning,0,24,0%,74.04
backlink audit tool free,0,24,0%,76.17
page authority domain authority meaning moz,0,24,0%,78.12
total backlink checker,0,24,0%,83.54
rel=sponsored,0,24,0%,84.67
moz what is da,0,24,0%,85.25
what are link farms,0,24,0%,86.42
free back link,0,24,0%,89.38
moz site explorer,0,24,0%,90
google search spam policies link schemes,0,23,0%,5.61
link building service pricing models,0,23,0%,5.87
"""citation anchor text analysis"" ""full title anchors""",0,23,0%,9.04
footer backlink,0,23,0%,10.57
do follow permanent,0,23,0%,11.39
link building service prices,0,23,0%,19.52
link building strategies using ahrefs,0,23,0%,21.17
avoiding manipulative anchor text seo best practices,0,23,0%,23.65
test ahrefs links,0,23,0%,58.87
moz ose link,0,23,0%,64.83
moz check backlinks,0,23,0%,64.96
how to see unlinked mention in ahrefs,0,23,0%,67.83
check external backlinks,0,23,0%,68.74
what is the best backlink checker,0,23,0%,77.43
skyscraper link building,0,23,0%,78.26
backlink search tool,0,23,0%,78.87
free backlink tool review,0,23,0%,84.74
do niche edits work in seo,0,23,0%,84.87
bulk back link checker,0,23,0%,86.48
sponsored link attribute,0,23,0%,93.35
what is da in seo,0,23,0%,95.52
google link schemes spam policy,0,22,0%,3.68
google search central link spam policies link schemes guidelines,0,22,0%,5.36
google search central link schemes spam policy,0,22,0%,6.41
google search central spam policies link spam buying links,0,22,0%,6.64
competitor backlink template,0,22,0%,12.45
best link building services guest post opportunities 2026,0,22,0%,17.23
how many times i can use moz link exploer in a day,0,22,0%,23.73
calculate moz page authority,0,22,0%,38.23
moz internal equity passing links definition,0,22,0%,41.09
linkbuilding preise,0,22,0%,47.36
moz back link profile tool,0,22,0%,49.18
ahrefs content explorer alternative,0,22,0%,49.5
backlink checker best,0,22,0%,50.23
snov.io vs hunter.io,0,22,0%,51.45
ahrefs similar websites,0,22,0%,52.09
majestic backlinks,0,22,0%,56.64
ahrefs better than moz,0,22,0%,60.23
ahrefs trust link building,0,22,0%,60.77
backlink analyser,0,22,0%,61.77
what is 3 way link exchange,0,22,0%,62.68
quality blogger outreach,0,22,0%,66.55
international linkbuilding,0,22,0%,67.55
check backlinks website,0,22,0%,69.36
what is link reclamation,0,22,0%,76.95
moz back link checker,0,22,0%,79.05
international link building,0,22,0%,79.18
seo backlink tool free,0,22,0%,80.36
remove disavow links ahrefs,0,22,0%,93.55
citations building,0,22,0%,97.86
how to download a moz link analysis to excel,0,21,0%,22.71
link roundup,0,21,0%,23.9
free ahrefs link search,0,21,0%,27.29
nap backlinks,0,21,0%,38.1
what is ugc link,0,21,0%,42.95
ahrefs mention linkbuilding,0,21,0%,68.24
does ahrefs use moz,0,21,0%,72.81
competitor backlinks checker,0,21,0%,74.19
backlink finder tool,0,21,0%,75.38
ahrefs free backlink check,0,21,0%,80.95
top link building company,0,21,0%,81.48
anchor text distribution,0,21,0%,82.33
anchor text optimalisatie,0,21,0%,84.29
page authority in seo,0,21,0%,88.14
backlink research tool,0,21,0%,90.29
google search essentials spam policies link schemes buying links,0,20,0%,5.7
google search central spam policies hidden text links,0,20,0%,7.75
google search essentials spam policies link spam,0,20,0%,9.95
seo link roundups,0,20,0%,14.4
link building for affiliate sites,0,20,0%,21.1
link building prospecting,0,20,0%,30.85
test backlink audit ahrefs,0,20,0%,38.7
using haro to get links,0,20,0%,46.6
authority link building for startups,0,20,0%,61.85
keyword backlink checker,0,20,0%,69.6
link explorer free,0,20,0%,70.2
moz link research,0,20,0%,73.8
what are linkable assets,0,20,0%,77.2
what is moz authority qb%,0,20,0%,80.3
private backlink network,0,20,0%,80.8
what is a link farm,0,20,0%,85.65
referring domains,0,20,0%,86.2
google link schemes spam policies,0,19,0%,3.53
google search central spam policies link schemes buying links,0,19,0%,6.11
google search central link spam policies buying links,0,19,0%,7
"how do i build backlinks without outreach (in united states. be sure to 
reply in english)",0,19,0%,9.63
link building for scaleups,0,19,0%,16.16
link hoarding,0,19,0%,22.68
shotgun skyscraper link building,0,19,0%,25.84
link roundups,0,19,0%,30.74
moz link building guide,0,19,0%,32.42
anchor text ratios,0,19,0%,54.84
test ahrefs link,0,19,0%,55.95
seo moz broken link building',0,19,0%,62.16
backlink monitor free,0,19,0%,64.11
online utility backlink checker,0,19,0%,64.32
moz link analysis,0,19,0%,72.26
best link building tools for 2026,0,19,0%,74.37
link building tips and tricks,0,19,0%,74.47
skyscrapper technique,0,19,0%,74.68
how do you do link building strategies,0,19,0%,76.53
link insertion meaning,0,19,0%,77.11
link equity seo,0,19,0%,78.32
link reclamation seo,0,19,0%,81
spam links,0,19,0%,81.11
what is a referring domain,0,19,0%,82.89
moz toolbar vs sem rush,0,19,0%,83.95
internal vs external link,0,19,0%,85.16
backlinks analysis,0,19,0%,86.63
link building tactics,0,19,0%,97.63
google search central link spam policy link schemes documentation,0,18,0%,6
google search central link spam policy link schemes,0,18,0%,6.5
google search central link spam policy documentation,0,18,0%,6.78
google search spam policies link spam link schemes,0,18,0%,6.94
google search central link spam policy buying links,0,18,0%,7.28
google search essentials link spam policies,0,18,0%,7.83
moz total links,0,18,0%,23.94
ugc link definition,0,18,0%,26.44
quora link building,0,18,0%,26.5
backlink checklist,0,18,0%,37.11
weird domain extensions seo moz,0,18,0%,48.83
guide to building backlinks,0,18,0%,58.17
google manual action,0,18,0%,60.61
niche edits provider,0,18,0%,61.17
link building technique,0,18,0%,62.56
seo ahrefs vs moz vs,0,18,0%,75.11
competitor backlinks analysis,0,18,0%,76.67
do follow links meaning,0,18,0%,77.56
citation link building,0,18,0%,78.33
disavow tool google,0,18,0%,79.06
backink checker,0,18,0%,79.22
digital pr link building,0,18,0%,81.06
backlink checher,0,18,0%,81.94
semrush alternative,0,18,0%,86.17
explanation of moz equity passing links,0,18,0%,88.28
private blog network guide,0,18,0%,88.44
what is link juice,0,18,0%,88.78
google pagerank,0,18,0%,88.89
alternativa a ahrefs,0,18,0%,89.56
google backlink checker tool,0,18,0%,92.78
disavaow,0,18,0%,93.72
diminishing value of backlinks from the same website ahrefs,0,18,0%,93.78
google search essentials spam policies hidden text and links,0,17,0%,9.06
scholarship link building,0,17,0%,16
moz backlink explorer,0,17,0%,42.12
where to find page authority in moz,0,17,0%,49.18
test ahrefs vs moz,0,17,0%,51.41
manual penalty recovery,0,17,0%,64.88
what does da mean in moz extension,0,17,0%,65.47
backlink equity,0,17,0%,74.71
qwoted alternative,0,17,0%,76.76
backlink analyse,0,17,0%,79.94
free tool backlinks,0,17,0%,79.94
free backlink tools,0,17,0%,83.24
backlink tracker tool,0,17,0%,83.29
ahrefs tutorials,0,17,0%,84.76
page authority seo,0,17,0%,85.53
backlink checken,0,17,0%,85.65
backlinks monitoring,0,17,0%,87.06
agence linkbuilding,0,17,0%,88.71
internal and external links in seo,0,17,0%,91.18
google link spam policies,0,16,0%,5.38
google search essentials link spam policies buying links,0,16,0%,5.62
google search essentials spam policies hidden text links,0,16,0%,8.94
highest traffic website usa article submission 2026,0,16,0%,17.19
link building ahrefs blog,0,16,0%,19.5
link profile maintenance,0,16,0%,20.69
best guest post link building services 2026,0,16,0%,21.06
pitchbox alternatives,0,16,0%,28.06
why is moz rank and ahrefs ranking differently,0,16,0%,31.38
moz check if link dofollow,0,16,0%,32.69
backlink checker seobility,0,16,0%,38.75
moz vs semrush vs,0,16,0%,38.75
ahrefs+vs+moz,0,16,0%,45.06
best backlink agencies,0,16,0%,45.69
test ahrefs free backlink checker,0,16,0%,45.69
exact match vs branded anchors,0,16,0%,50.88
test ahrefs free backlink,0,16,0%,57.06
test ahrefs free backlinks,0,16,0%,62.88
contenu ugc backlinks,0,16,0%,64.12
blogger outreach best practice,0,16,0%,67.06
backlinks checker moz,0,16,0%,72.25
disavow-tool,0,16,0%,73.5
guide to link building,0,16,0%,75.19
pitchbox price,0,16,0%,76.12
backlinks vs external links,0,16,0%,77.06
back link analysis conductor,0,16,0%,79
back links check,0,16,0%,80.06
seo moz link explorer,0,16,0%,80.19
moz-alternative,0,16,0%,80.44
pagerank of google,0,16,0%,81.06
how to check backlinks in google search console,0,16,0%,81.12
what is an editorial link,0,16,0%,81.19
backlin checker,0,16,0%,82
ahrefs links,0,16,0%,82.12
anchor text backlinks,0,16,0%,88.25
infographic link building,0,16,0%,88.44
anchor text example,0,16,0%,88.75
link insertions,0,16,0%,89.19
moz siteexplorer,0,16,0%,89.19
no follow backlink,0,16,0%,92.12
google disavow tool current status 2026,0,15,0%,3.8
manual vs platform-based link outreach pros and cons,0,15,0%,6.07
google search spam policies link schemes buying links,0,15,0%,7
homepage link,0,15,0%,10.6
link building mistakes 2021,0,15,0%,11.53
moz link 3,0,15,0%,18.13
ahrefs guide to link,0,15,0%,33.47
ahrefs domain authority equivalent,0,15,0%,34
google disavow tool domain,0,15,0%,36.87
link building faq,0,15,0%,42.47
moz+vs+ahrefs,0,15,0%,42.67
disavow file template,0,15,0%,42.8
test ahrefs bulk backlink checker,0,15,0%,44.67
manual action penalty,0,15,0%,47.93
niche edit service provider,0,15,0%,47.93
test moz vs ahrefs,0,15,0%,51.8
moz and link exploer and login,0,15,0%,54.53
moz logo ahrefs,0,15,0%,58.6
da metric for linkbuilding,0,15,0%,62.27
equity passing links,0,15,0%,64.73
majestic seo backlinks,0,15,0%,64.73
link follow nofollow,0,15,0%,65.4
number of backlinks checker,0,15,0%,72.47
an editorial link is,0,15,0%,73.47
backlink building agency,0,15,0%,74.27
execute link building strategy,0,15,0%,75.73
what are niche edits,0,15,0%,75.87
website backlinks checker tool,0,15,0%,76.2
bulk backlinks checker tool,0,15,0%,77
free backlink,0,15,0%,79.07
pr link building,0,15,0%,80.73
backlink chcker,0,15,0%,80.8
niche edits seo,0,15,0%,84.07
check competitor backlinks,0,15,0%,84.47
competitor backlink checker tools,0,15,0%,85.4
online backlink checker,0,15,0%,85.73
backlink watch backlinks checker,0,15,0%,89.53
editorial links seo,0,15,0%,90.53
what is a no follow link,0,15,0%,91.2
importing ahrefs domains into semrush,0,15,0%,94.67
guest posting stats,0,14,0%,4.79
google spam policies link schemes buying links,0,14,0%,7.21
how many times i can use moz link explorer in a day,0,14,0%,19.86
does ahrefs have something like moz spam score,0,14,0%,23.14
disavow tool domain,0,14,0%,33.07
disavow file format,0,14,0%,34.79
moz's link explorer,0,14,0%,43.57
deep url definition,0,14,0%,44.07
blogger outreach links,0,14,0%,50
moz pro link explorer,0,14,0%,51.71
compare ahrefs moz,0,14,0%,52.79
majestic or ahrefs or moz,0,14,0%,53
what is moz analysis total links,0,14,0%,55.07
free backlink monitoring tools,0,14,0%,59.36
anchor text explained moz,0,14,0%,64.07
link building ecommerce website,0,14,0%,64.71
trust flow check,0,14,0%,68.5
broken link building email template,0,14,0%,68.86
link popularity checker,0,14,0%,73
best backlinks checker tool,0,14,0%,73.43
backling check,0,14,0%,74.79
google disavow,0,14,0%,76.57
what are referring domains,0,14,0%,79.5
manual actions google,0,14,0%,79.57
backlinks seo definition,0,14,0%,81.43
how to analyze competitor backlinks for free,0,14,0%,81.64
page rank factors,0,14,0%,81.64
how to get backlinks from high pr sites,0,14,0%,82.43
unlinked mentions seo,0,14,0%,83.71
pa score,0,14,0%,84.43
backlink moz,0,14,0%,85.21
follow vs no follow links,0,14,0%,86.14
outreach for link acquisition,0,14,0%,86.5
examples of anchor text,0,14,0%,86.79
backlinking checker,0,14,0%,87.5
moz linking rd to root domain,0,14,0%,87.5
competitor backlink finder,0,14,0%,88.5
trust flow checker,0,14,0%,88.79
do follow link in seo,0,14,0%,93.36
how to find outdated competitor links moving man method,0,13,0%,5.38
google spambrain 2026,0,13,0%,5.69
"google search central link spam policies buying or selling links that pass 
pagerank",0,13,0%,6
explore blacklinks in moz,0,13,0%,8.46
moz link cross,0,13,0%,8.46
google search central link spam policies paid links rel sponsored nofollow,0,13,0%,8.69
how to use ahrefs for link building,0,13,0%,16.46
moz linkbuilding weight,0,13,0%,16.69
"press release anchor text distribution guidelines branded partial match 
keyword naked",0,13,0%,17.54
explore backlinks in moz,0,13,0%,21.92
disavow tool guide,0,13,0%,36.31